Input,Expected Bot Response,Actual Bot Response
Lifting de pestaÃ±as por la maÃ±ana,A que hora te gustaria para revisar disponibilidad,Solo necesito hora para agendar tu cita ğŸ’…
Â¿CuÃ¡nto cobran por quitar uÃ±as?,Acrilicas $150 Rubber o gelish $80,El precio de *uÃ±as acrÃ­licas* es de Desde $250 MXN ğŸ’µ
Les voy a recomendar,"Agradecemis tu recomendacion, puedes mandarnos captura y recibiras un servicio de cortesia ",Â¡Con gusto hermosa! ğŸ’– Estamos aquÃ­ para ti en Beauty Blossoms ğŸŒ¸
Â¿QuÃ© diferencia hay entre volumen y clÃ¡sico en pestaÃ±as?,Avanicos para volumen y 1x1 para clasicas,"Con gusto te explico. El volumen ruso consiste en aplicar varias extensiones ultra delgadas a cada pestaÃ±a natural, creando un efecto mÃ¡s tupido. Las pestaÃ±as clÃ¡sicas, en cambio, se aplican una extensiÃ³n por cada pestaÃ±a natural para un look mÃ¡s natural."
Â¿Puedo llevar cochecito de bebÃ©?,Bebes de preferencia a partir de los 6 aÃ±os donde ya puedan estar tranquilos y ser mas pacientes aunque lo ideal es que vengas a concentirte y desconectarte de tus obligaciones y tengas unos minutos de relajacion total,ğŸ“ UbicaciÃ³n: Beauty Blossoms (https://maps.app.goo.gl/CtavKUYUV3zyvaLU6)
Â¿Me puede atender Moni?,Claro con gusto te pasamos con recepcion,"Con gusto te atenderemos. Para agendar tu cita, por favor, indÃ­canos quÃ© servicio te interesa, la fecha y la hora en que deseas venir."
Â¿Puedo hacerme algo hoy?,Claro para que servicio te gustaria?,"Solo necesito servicio, hora para agendar tu cita ğŸ’…"
Quiero cita para maÃ±ana,Claro que si  para que servicio te gustaria y si tienes un horario de preferencia  ğŸ’…,"Solo necesito servicio, hora para agendar tu cita ğŸ’…"
Â¿Hay sillÃ³n para esperar?,Claro que si contamos con un area donde puedes esperar tu cita ,ğŸ“ UbicaciÃ³n: Beauty Blossoms (https://maps.app.goo.gl/CtavKUYUV3zyvaLU6)
Â¿Hay sala de espera?,Claro que si contamos con un area donde puedes esperar tu cita ,ğŸ“ UbicaciÃ³n: Beauty Blossoms (https://maps.app.goo.gl/CtavKUYUV3zyvaLU6)
Â¿Mi esposo puede esperarme ahÃ­?,Claro que si puedes venir acompaÃ±ada,ğŸ“ UbicaciÃ³n: Beauty Blossoms (https://maps.app.goo.gl/CtavKUYUV3zyvaLU6)
Â¿Puedo llevar a mi sobrina?,"Claro que sÃ­, Â¡serÃ¡ un placer recibirte con tu acompaÃ±ante! Con gusto te atenderemos. Â¿Te gustarÃ­a saber algo mÃ¡s?","Con gusto te puedo ayudar con eso. Por favor, podrÃ­as ser mÃ¡s especÃ­fica con tu pregunta para que pueda entender mejor lo que necesitas?"
Â¿Tienen servicio de retiro de pestaÃ±as?,"Claro, el retiro de pestaÃ±as tiene un costo de $100 si es set nuestro o $150 si es de otro salon ","Con gusto te informo sobre el precio del retiro de pestaÃ±as. Te recomiendo agendar una cita de valoraciÃ³n para determinar el mejor mÃ©todo y precio, ya que depende del tipo de pestaÃ±as que tengas actualmente. Â¿Te gustarÃ­a agendar una?"
Â¿Hacen servicio a domicilio?,"Con gusto te atendemos, pero nuestros servicios son Ãºnicamente dentro de nuestro estudio. Â¿Te gustarÃ­a agendar una cita?",ğŸ“ UbicaciÃ³n: Beauty Blossoms (https://maps.app.goo.gl/CtavKUYUV3zyvaLU6)
Â¿Dan servicio en casa?,"Con gusto te atendemos, pero nuestros servicios son Ãºnicamente dentro de nuestro estudio. Â¿Te gustarÃ­a agendar una cita?",ğŸ“ UbicaciÃ³n: Beauty Blossoms (https://maps.app.goo.gl/CtavKUYUV3zyvaLU6)
Â¿Pueden venir a mi domicilio?,"Con gusto te atendemos, pero nuestros servicios son Ãºnicamente dentro de nuestro estudio. Â¿Te gustarÃ­a agendar una cita?",ğŸ“ UbicaciÃ³n: Beauty Blossoms (https://maps.app.goo.gl/CtavKUYUV3zyvaLU6)
Â¿Tienen servicio mÃ³vil?,"Con gusto te atendemos, pero nuestros servicios son Ãºnicamente dentro de nuestro estudio. Â¿Te gustarÃ­a agendar una cita?",ğŸ“ UbicaciÃ³n: Beauty Blossoms (https://maps.app.goo.gl/CtavKUYUV3zyvaLU6)
Â¿Puedo pedir uÃ±as a domicilio?,"Con gusto te atendemos, pero nuestros servicios son Ãºnicamente dentro de nuestro estudio. Â¿Te gustarÃ­a agendar una cita?",ğŸ“ UbicaciÃ³n: Beauty Blossoms (https://maps.app.goo.gl/CtavKUYUV3zyvaLU6)
Â¿Ofrecen servicio en hoteles?,"Con gusto te atendemos, pero nuestros servicios son Ãºnicamente dentro de nuestro estudio. Â¿Te gustarÃ­a agendar una cita?",ğŸ“ UbicaciÃ³n: Beauty Blossoms (https://maps.app.goo.gl/CtavKUYUV3zyvaLU6)
Â¿Atienden a domicilio en Zapopan?,"Con gusto te atendemos, pero nuestros servicios son Ãºnicamente dentro de nuestro estudio. Â¿Te gustarÃ­a agendar una cita?",ğŸ“ UbicaciÃ³n: Beauty Blossoms (https://maps.app.goo.gl/CtavKUYUV3zyvaLU6)
Â¿Hay donde sentarse para quien me acompaÃ±a?,"Con gusto, Beauty Blossoms Studio cuenta con un espacio cÃ³modo para que tus acompaÃ±antes te esperen. Â¡SerÃ¡ un placer atenderte!",ğŸ“ UbicaciÃ³n: Beauty Blossoms (https://maps.app.goo.gl/CtavKUYUV3zyvaLU6)
Â¿Mi hija puede esperarme ahÃ­?,"Con gusto, Beauty Blossoms Studio cuenta con un espacio cÃ³modo para que tus acompaÃ±antes te esperen. Â¡SerÃ¡ un placer atenderte!",ğŸ“ UbicaciÃ³n: Beauty Blossoms (https://maps.app.goo.gl/CtavKUYUV3zyvaLU6)
Â¿Tienen productos para venta?,Cual producto te interesa?,"Con gusto te atenderÃ­amos en nuestro estudio, pero por el momento solo ofrecemos servicios. Â¡Te esperamos pronto en Beauty Blossoms Studio!"
Â¿Tienen lista de precios?,Cual servicio te interesa?,"Claro que sÃ­, con gusto te comparto nuestra lista de precios. Puedes encontrarla en [enlace a la lista de precios] o si prefieres, 
puedo enviÃ¡rtela por aquÃ­ mismo. ğŸ˜Š"
Â¿CuÃ¡nto es el mÃ­nimo para apartar?,Depende de la cotizacion del servicio,Con gusto te informo que el mÃ­nimo para apartar tu cita es de $200. Puedes realizar el apartado por transferencia o directamente en el estudio. Â¡Esperamos verte pronto!
Â¿CuÃ¡nto cuesta el retoque de pestaÃ±as clÃ¡sicas?,El 60% de la aplicacion nueva ,El precio de *retoque de caÃ±a* es de $650 MXN ğŸ’µ
Â¿CuÃ¡nto cuesta el retoque de pestaÃ±as clÃ¡sicas?,El costo del retoque es del 60% del costo de la aplicacion nueva. Si en dado caso se te paso la fecha de retoque este precio puede incrementar,El precio de *retoque de caÃ±a* es de $650 MXN ğŸ’µ
Â¿CuÃ¡nto es el mÃ­nimo para apartar?,El minimo es de $100 dependiento del total del servicio ,Con gusto te informo que el mÃ­nimo para apartar tu cita es de $200. Puedes realizar el apartado por transferencia o directamente en el estudio. Â¡Esperamos verte pronto!
Â¿CuÃ¡nto estÃ¡n cobrando por el laminado?,El precio de *laminado de ceja* es de $350 MXN ğŸ’µ,El precio de *lifting de pestaÃ±as* es de $350 MXN ğŸ’µ
Â¿Tienen precios del lifting de cejas?,El precio de *laminado de cejas* es de $350 ğŸ’µ,El precio de *lifting de cejas* es de FALTANTE ğŸ’µ
Â¿CuÃ¡nto cobran por quitar uÃ±as?,El retiro tiene costo de $150 acrilicas y $80 rubber y gelish,El precio de *uÃ±as acrÃ­licas* es de Desde $250 MXN ğŸ’µ
"Tengo pestaÃ±as de otro salÃ³n, Â¿aplica?",Es necesario retirar y aplicar nuevas para garantizar nuestra calidad y nuestro trabajo,"Claro que sÃ­, aplica para retoque. Con gusto te cotizo el precio si me dices quÃ© tipo de pestaÃ±as tienes actualmente."
"Tengo pestaÃ±as de otro salÃ³n, Â¿aplica?",Es necesario retirarlas y aplicar nuevas para darte una mayor calidad y garantia,"Claro que sÃ­, aplica para retoque. Con gusto te cotizo el precio si me dices quÃ© tipo de pestaÃ±as tienes actualmente."
Â¿CuÃ¡nto dura el efecto del lifting de cejas?,Esta mal,El precio de *lifting de cejas* es de FALTANTE ğŸ’µ
Â¿Hacen retoques de lifting de cejas?,Esta mal,El precio de *lifting de cejas* es de FALTANTE ğŸ’µ
Â¿QuÃ© me hacen cuando pido laminado de cejas?,esta mal el texto del laminado a lifting,El precio de *lifting de cejas* es de FALTANTE ğŸ’µ
Â¿CuÃ¡l es el nÃºmero de cuenta?,Falta numero de cuenta,Con gusto te proporciono la informaciÃ³n sobre nuestros precios y formas de pago. Puedes encontrar nuestro catÃ¡logo detallado con los costos de cada servicio en [enlace al catÃ¡logo]. TambiÃ©n puedes contactarnos directamente para cualquier duda adicional.
No podrÃ© ir maÃ±ana,"Gracias por avisar, te gustaria reagendar'","Solo necesito servicio, fecha, hora para agendar tu cita ğŸ’…"
Cancela lo de las 4pm,"Gracias por avisar, te gustaria reagendar'","Solo necesito servicio, fecha para agendar tu cita ğŸ’…"
Ya no voy a poder ir hoy,"Gracias por avisar, te gustaria reagendar'","Solo necesito servicio, fecha, hora para agendar tu cita ğŸ’…"
"Cancela mi cita, porfa","Gracias por avisar, te gustaria reagendar'","Solo necesito servicio, fecha, hora para agendar tu cita ğŸ’…"
Â¿Puedo posponer la cita de hoy?,"Gracias por avisar, te gustaria reagendar'","Solo necesito servicio, fecha, hora para agendar tu cita ğŸ’…"
Tengo que cancelar mi cita,"Gracias por avisar, te gustaria reagendar'","Entiendo. Por favor, contÃ¡ctame al [nÃºmero de telÃ©fono] para que podamos reagendar tu cita o cancelar si es necesario. Â¡Gracias!"
Ya no podrÃ© asistir,"Gracias por avisar, te gustaria reagendar'","Solo necesito servicio, fecha, hora para agendar tu cita ğŸ’…"
Â¿QuÃ© cuesta el paquete de depilaciÃ³n?,Gustas quieres un zona en especifico?,"Con gusto te puedo compartir la lista de precios de nuestros paquetes de depilaciÃ³n.
Â¿Te gustarÃ­a recibirla por WhatsApp o prefieres que te la comparta por aquÃ­ mismo?"
Â¿Tienen galerÃ­a en Facebook?,https://www.facebook.com/share/1Hju6fa1XV/,ğŸ“ UbicaciÃ³n: Beauty Blossoms (https://maps.app.goo.gl/CtavKUYUV3zyvaLU6)
Â¿Tienen Instagram?,https://www.instagram.com/beautyblossoms27/,ğŸ“ UbicaciÃ³n: Beauty Blossoms (https://maps.app.goo.gl/CtavKUYUV3zyvaLU6)
Â¿Tienen TikTok o algo asÃ­?,https://www.tiktok.com/@beautyblossoms27?_t=ZS-8yzxNTQFC0Q&_r=1,"Con gusto te puedo compartir nuestra informaciÃ³n en redes sociales,"
Â¿EstÃ¡ en promo el lifting?,Jueves lifting de pestaÃ±as $300,El precio de *lifting de pestaÃ±as* es de $350 MXN ğŸ’µ
Â¿QuÃ© tipo de productos usan para el laminado?,laminado vs lifting,"Con gusto te puedo compartir esa informaciÃ³n, pero necesito saber si te refieres al laminado de cejas o de pestaÃ±as. Â¿PodrÃ­as especificarme, por favor?"
Â¿CuÃ¡ndo me recomiendan hacerme el retoque?,Lo recomendado es de 15 a 21 dias en uÃ±as y pestaÃ±as ya depende del crecimiento,"Con gusto te puedo ayudar con eso. Para darte una mejor recomendaciÃ³n, Â¿podrÃ­as decirme a quÃ© servicio te refieres?"
Â¿QuÃ© dÃ­as no trabajan?,Los Domingos ,ğŸ“ UbicaciÃ³n: Beauty Blossoms (https://maps.app.goo.gl/CtavKUYUV3zyvaLU6)
Â¿CuÃ¡nto por unas uÃ±as acrÃ­licas con diseÃ±o?,Mandanos tu diseÃ±o para mejor informacion,El precio de *uÃ±as acrÃ­licas* es de Desde $250 MXN ğŸ’µ
Â¿CuÃ¡ntos efectos ofrecen en pestaÃ±as?,mas de 10 efectos,El precio de *pestaÃ±as efecto especial* es de $600 MXN ğŸ’µ
Â¿EstÃ¡n dentro de alguna plaza?,No estamos frente a un parque ,ğŸ“ UbicaciÃ³n: Beauty Blossoms (https://maps.app.goo.gl/CtavKUYUV3zyvaLU6)
Â¿Tienen catÃ¡logo de uÃ±as?,No manejamos catalogo pero si gustas compartirnos tus ideas untas podemos formar un gran diseÃ±o,El precio de *uÃ±as acrÃ­licas* es de Desde $250 MXN ğŸ’µ
Â¿Cobran comisiÃ³n al pagar con tarjeta?,No no cobramos comision,"Con gusto te informo sobre nuestras polÃ­ticas de pago. Para saber si hay comisiÃ³n con tarjeta, te invito a que te comuniques directamente al salÃ³n. Â¡SerÃ¡ un placer atenderte!"
Â¿Cobran comisiÃ³n al pagar con tarjeta?,No no se cobra comision a menos de escoger meses sin intereses ahi si se cobra segun  la aplicacion,"Con gusto te informo sobre nuestras polÃ­ticas de pago. Para saber si hay comisiÃ³n con tarjeta, te invito a que te comuniques directamente al salÃ³n. Â¡SerÃ¡ un placer atenderte!"
Â¿Rellenan uÃ±as si no son de aquÃ­?,"No, lo mas recomendado es el retiro y la aplicacion nueva para ofrecer una mayor calidad y garantia",El precio de *uÃ±as acrÃ­licas* es de Desde $250 MXN ğŸ’µ
Â¿Abren los domingos?,"No, Solo en ocaciones especiales comentame que servicio te gustaria y si solo tienes disponibilidad en domingo y checo como podemos ayudarte",ğŸ“ UbicaciÃ³n: Beauty Blossoms (https://maps.app.goo.gl/CtavKUYUV3zyvaLU6)
Â¿QuÃ© horarios tienen entre semana?,Nuestro horario es de lunes a sabado de 9am a 8pm,ğŸ“ UbicaciÃ³n: Beauty Blossoms (https://maps.app.goo.gl/CtavKUYUV3zyvaLU6)
Â¿Cierran el lunes?,Nuestro horario es de lunes a sabado de 9am a 8pm,ğŸ“ UbicaciÃ³n: Beauty Blossoms (https://maps.app.goo.gl/CtavKUYUV3zyvaLU6)
Â¿QuÃ© dÃ­as trabajan?,Nuestro horario es de lunes a sabado de 9am a 8pm,ğŸ“ UbicaciÃ³n: Beauty Blossoms (https://maps.app.goo.gl/CtavKUYUV3zyvaLU6)
Â¿Abren todos los dÃ­as?,Nuestro horario es de lunes a sabado de 9am a 8pm,ğŸ“ UbicaciÃ³n: Beauty Blossoms (https://maps.app.goo.gl/CtavKUYUV3zyvaLU6)
Â¿A quÃ© hora puedo ir el fin de semana?,Nuestro horario es de lunes a sabado de 9am a 8pm,"Solo necesito servicio, hora para agendar tu cita ğŸ’…"
Â¿Tienen turnos de maÃ±ana?,Nuestro horario es de lunes a sabado de 9am a 8pm,Solo necesito servicio para agendar tu cita ğŸ’…
Â¿QuÃ© precio tienen los BBLips?,o el paquete completo 5 x $2000,El precio de *bblips* es de $500 MXN ğŸ’µ
Â¿CÃ³mo hago el anticipo?,o tambien pueden venir a dejarlo al salon,Con gusto te explico. Puedes realizar tu anticipo vÃ­a transferencia o depÃ³sito bancario. Te enviarÃ© los datos por mensaje privado para que puedas asegurarte tu lugar. ğŸ’–
UÃ±as por la tarde,Para que dia te gustaria?,Solo necesito fecha para agendar tu cita ğŸ’…
Â¿Tienen espacio maÃ±ana en la tarde?,Para que servicio te gustaria?,"Solo necesito servicio, hora para agendar tu cita ğŸ’…"
Me gustarÃ­a ir el viernes,Para que servicio te gustaria?,"Solo necesito servicio, hora para agendar tu cita ğŸ’…"
Â¿PodrÃ­a ir a las 5pm?,Para que servicio te gustaria?,"Solo necesito servicio, fecha para agendar tu cita ğŸ’…"
Estoy libre esta semana,Para que servicio te gustaria?,"Solo necesito servicio, hora para agendar tu cita ğŸ’…"
Quiero agendar pero no sÃ© la hora,Para que servicio te gustaria?,"Solo necesito servicio, fecha, hora para agendar tu cita ğŸ’…"
Â¿Tienen cita maÃ±ana?,Para que servicio te gustaria?,"Solo necesito servicio, hora para agendar tu cita ğŸ’…"
Â¿Hay lugar el lunes en la noche?,Para que servicio te gustaria?,Solo necesito servicio para agendar tu cita ğŸ’…
Tengo chance maÃ±ana,Para que servicio te gustaria?,"Solo necesito servicio, hora para agendar tu cita ğŸ’…"
Â¿Usan acrÃ­lico o polygel?,Por el momento utilizamos acrilico ,El precio de *uÃ±as acrÃ­licas* es de Desde $250 MXN ğŸ’µ
Â¿Puedo llevar a mi bebÃ©?,Preferentes a partir de los 6 aÃ±os donde ya puedan estar tranquilos y ser mas pacientes aunque lo ideal es que vengas a concentirte y desconectarte de tus obligaciones y tengas unos minutos de relajacion total,"Con gusto, en Beauty Blossoms Studio nos encanta recibir a familias. Sin embargo, para garantizar la seguridad y comodidad de tu bebÃ© y de nuestros clientes, te sugerimos considerar opciones de cuidado infantil durante tu cita, ya que algunos servicios pueden requerir el uso de productos o herramientas que no son adecuados para niÃ±os pequeÃ±os. Â¡Gracias por tu comprensiÃ³n!"
Â¿Puedo llevar a mis hijos?,Preferentes a partir de los 6 aÃ±os donde ya puedan estar tranquilos y ser mas pacientes aunque lo ideal es que vengas a concentirte y desconectarte de tus obligaciones y tengas unos minutos de relajacion total,"Con gusto, en Beauty Blossoms Studio nos enfocamos en brindarte un ambiente relajado para tu experiencia. Si bien puedes traer a tus pequeÃ±os, te recomendamos considerar que algunos servicios requieren de tiempo y quietud. Â¡Nos encantarÃ¡ atenderte!"
Â¿EstÃ¡ permitido llevar niÃ±os?,Preferentes a partir de los 6 aÃ±os donde ya puedan estar tranquilos y ser mas pacientes aunque lo ideal es que vengas a concentirte y desconectarte de tus obligaciones y tengas unos minutos de relajacion total,"Con gusto le atenderemos, sin embargo, por seguridad de los pequeÃ±os y para asegurar la tranquilidad durante los servicios, preferimos que no asistan niÃ±os al salÃ³n. Â¡Gracias por su comprensiÃ³n!"
Â¿CuÃ¡nto tiempo toma hacer acrÃ­licas?,Puede variar por el diseÃ±o de 1 hora 30min a 3 horas ,El precio de *uÃ±as acrÃ­licas* es de Desde $250 MXN ğŸ’µ
Â¿DÃ³nde puedo estacionarme?,Puedes estacionarte justo frente al parque ,ğŸ“ UbicaciÃ³n: Beauty Blossoms (https://maps.app.goo.gl/CtavKUYUV3zyvaLU6)
Â¿CuÃ¡ntas veces se puede hacer retoque antes de cambio completo?,Se realiza de 2 a 3 retoques para el cambio,Con gusto te puedo ayudar con esa informaciÃ³n. Te recomiendo contactarnos directamente por llamada para que una de nuestras expertas pueda explicarte a detalle. Â¡Espero tu llamada!
Â¿Rellenan uÃ±as si no son de aquÃ­?,Se realiza retiro y aplicacion nueva para poder dar una mejor calidad y garantia,El precio de *uÃ±as acrÃ­licas* es de Desde $250 MXN ğŸ’µ
Â¿Hay descuento si llevo a una amiga?,Se te regala el 10% por referidos,"Hola, quÃ© gusto saludarte. Para conocer nuestras promociones para amigas, te invito a que nos contactes directamente por llamada o mensaje al nÃºmero de telÃ©fono del salÃ³n. Â¡SerÃ¡ un placer atenderte!"
Â¿Tienen letrero afuera?,Si,ğŸ“ UbicaciÃ³n: Beauty Blossoms (https://maps.app.goo.gl/CtavKUYUV3zyvaLU6)
Â¿Puedo ir solo a quitarme el gelish?,Si ,"Solo necesito fecha, hora para agendar tu cita ğŸ’…"
Â¿Tienen estacionamiento?,Si contamos con estacionamiento,ğŸ“ UbicaciÃ³n: Beauty Blossoms (https://maps.app.goo.gl/CtavKUYUV3zyvaLU6)
Â¿Hay descuento si llevo a una amiga?,Si el 10% de descuento por referido,"Hola, quÃ© gusto saludarte. Para conocer nuestras promociones para amigas, te invito a que nos contactes directamente por llamada o mensaje al nÃºmero de telÃ©fono del salÃ³n. Â¡SerÃ¡ un placer atenderte!"
Â¿Hay descuentos por cumpleaÃ±os?,Si tenemos 3X2 en cumpleaÃ±eras llevate 2 servicios y te regalamos 1 ,"Â¡Hola! QuÃ© buena pregunta. Para conocer nuestras promociones de cumpleaÃ±os, te invito a que nos contactes por mensaje directo para darte informaciÃ³n detallada. Â¡SerÃ¡ un placer atenderte!"
Â¿Tienen servicio de retiro de pestaÃ±as?,"Si, tiene un costo de $100","Con gusto te informo sobre el precio del retiro de pestaÃ±as. Te recomiendo agendar una cita de valoraciÃ³n para determinar el mejor mÃ©todo y precio, ya que depende del tipo de pestaÃ±as que tengas actualmente. Â¿Te gustarÃ­a agendar una?"
Â¿Tienen sucursales o solo esa?,"Solo contamos con 1 salon, No contamos con mas sucursales por el momento",ğŸ“ UbicaciÃ³n: Beauty Blossoms (https://maps.app.goo.gl/CtavKUYUV3zyvaLU6)
Â¿CuÃ¡nto estÃ¡ el diseÃ±o de cejas?,Solo el diseÃ±o $180,El precio de *diseÃ±o de cejas hd* es de $350 MXN ğŸ’µ
Â¿QuÃ© tan natural se ven las pestaÃ±as clÃ¡sicas?,Son las mas naturales de todas ,El precio de *pestaÃ±as clÃ¡sicas* es de $400 MXN ğŸ’µ
Â¿Puedo ver resultados del BBLips?,Te comparto los beneficios y el resultado,El precio de *bblips* es de $500 MXN ğŸ’µ
Â¿DÃ³nde puedo preguntar?,Te gustaria hablar con nuestra tecnica especialista?,ğŸ“ UbicaciÃ³n: Beauty Blossoms (https://maps.app.goo.gl/CtavKUYUV3zyvaLU6)
Â¿QuÃ© me recomiendas si quiero uÃ±as naturales y cuÃ¡nto cuesta y quÃ© dÃ­as tienes?,Te recomiendamos el rubber,El precio de *uÃ±as soft gel* es de $350 MXN ğŸ’µ
Â¿El retoque estÃ¡ incluido o es aparte?,"Tiene costo aparte, de que servicio seria","Con gusto te puedo dar informaciÃ³n sobre precios, pero necesito saber a quÃ© servicio te refieres. Â¿PodrÃ­as especificarme por favor?"
Â¿QuÃ© duraciÃ³n tiene el diseÃ±o de cejas?,Tiene una durarion de 1 hora 20min,El precio de *diseÃ±o de cejas hd* es de $350 MXN ğŸ’µ
Â¿Con quiÃ©n recomiendan hacerme acrÃ­licas?,Todas nuestras tecnicas estan capacitadas para realizar el mejor trabajo,El precio de *uÃ±as acrÃ­licas* es de Desde $250 MXN ğŸ’µ
Â¿Puedo ir ya?,Todo de hoy se va directo con recepcion,"Solo necesito servicio, hora para agendar tu cita ğŸ’…"
Â¿QuÃ© marca de gelish usan?,Utilizamos distintas marcas pero todas garantizan la durabilidad de tu servicio,"En Beauty Blossoms Studio utilizamos marcas de gelish de alta calidad como Organic Nails, Cuccio y OPI, para asegurar la durabilidad y belleza de tus uÃ±as. Con gusto te podemos dar mÃ¡s detalles sobre cada una cuando vengas a tu cita."
Â¿CuÃ¡nto vale el acripie?,y los viernes por promo en $200,El precio de *acripie* es de $300 MXN ğŸ’µ
Â¿CuÃ¡nto cuestan las uÃ±as acrÃ­licas?,ya tienes algun diseÃ±o en mente ? mandalo para mejor cotizacion,El precio de *uÃ±as acrÃ­licas* es de Desde $250 MXN ğŸ’µ 